{"cameraMode":{"drawMode":0,"name":"Shaded","section":"Shading Mode"},"sceneLighting":true,"audioPlay":false,"sceneViewState":{"m_AlwaysRefresh":false,"showFog":true,"showSkybox":true,"showFlares":true,"showImageEffects":true,"showParticleSystems":true,"showVisualEffectGraphs":true,"m_FxEnabled":true},"in2DMode":false,"pivot":{"x":-0.6694332957267761,"y":2.012073040008545,"z":-3.176198959350586},"rotation":{"x":-0.0010299499845132232,"y":0.9985421299934387,"z":-0.049778182059526446,"w":-0.020672012120485307},"size":5.044503688812256,"orthographic":false}